{"buff_count": 1000, "buff_curr": 646, "frame_number": 2646, "rewards": [-5.5, -18.200000000000003, -5.600000000000001, -32.7, -41.7, -89.0, -23.0, -57.1, -65.5, -80.0, -81.0, -153.0, -11.0, 36.5, 17.5, 29.5, -1.5, -16.1, 57.900000000000006, 35.0, -12.5, -44.0, 34.0, 3.5, -35.5, 23.9, 43.5, 23.0, 25.5, 22.0, 23.5, 12.5, 27.099999999999994, 44.9, 53.0, 45.0, 24.5, 51.400000000000006, -19.5, 24.5, -0.5, 33.5, 52.0, 60.0, 49.5, 28.0, 32.5, -7.0, 38.4, 1.5, -18.0, 25.5, 17.0, 48.900000000000006, 18.0, -17.0, 38.0, 29.5, 10.5, 70.10000000000001, 35.5, 4.0, -8.0, 48.400000000000006, 17.5, 8.0, 19.0, -6.5, 14.0, 34.0, 16.0, -0.5, 50.5, 25.200000000000003, 213.5, 46.400000000000006, 45.5, 72.0, 14.0, 15.5, 29.5, -20.0, 4.0, 15.0, 5.5, -11.0, 7.5, 28.5, -18.5, 4.5, -0.5, 26.799999999999997, -1.2000000000000028, 22.5, 17.5, 15.5, -5.0, 54.0, 19.5, 1.5, 3.0, 51.400000000000006, 5.0, 46.400000000000006, 6.5, 17.9, -1387.0, -58.5, 24.5, -55.0, 14.900000000000006, 46.5, -84.0, -98.0, -53.0, 39.5, -59.0, 21.0, -46.5, 27.5, 6.5, 21.5, -10.5, -71.0, -116.0, -116.0, -18.299999999999997, -22.5, -14.100000000000001, -15.899999999999999, 4.5, -18.5, -22.0, -55.0, -50.0, 12.5, -55.0, 0.5, -7.5, 6.5, -44.0, 21.0, 49.0, 8.0, -46.0, 2.0, -526.0, -36.0, -95.0, -219.0, -25.4, 43.2, 53.5, -3.5, 33.5, -9.5, 1.0, -28.0, 77.9, 41.0, -3.0, 47.0, 16.5, 5.5, 16.5, 4.0, -42.0, -18.5, 40.5, 51.400000000000006, 43.5, 84.0, 12.5, 10.5, 6.5, 15.0, -1.0, -40.0, 25.5, -21.0, -14.0, -4.0], "loss_list": [0.5067024827003479, 9.992365837097168, 0.5311182737350464, 0.3317291736602783, 0.5572363138198853, 0.6592822670936584, 0.19953659176826477, 0.35229071974754333, 0.93642258644104, 0.6970711350440979, 0.35522040724754333, 0.4406576156616211, 0.4831419587135315, 0.20935863256454468, 0.17434798181056976, 0.17465798556804657, 0.18629607558250427, 0.17277488112449646, 0.12658816576004028, 0.14121034741401672, 0.18514004349708557, 0.21160852909088135, 0.18732112646102905, 0.3316129744052887, 0.10081280022859573, 0.1994357705116272, 0.16977638006210327, 0.22557136416435242, 0.22013002634048462, 0.20776231586933136, 0.20564505457878113, 0.10417428612709045, 0.16852262616157532, 0.2003253549337387, 0.11647345125675201, 0.18162329494953156, 0.1194876879453659, 0.17871516942977905, 0.13194376230239868, 0.15365703403949738, 0.20678919553756714, 0.1558283418416977, 0.20392152667045593, 0.14941668510437012, 0.12943293154239655, 0.22077789902687073, 0.15204016864299774, 0.2081870138645172, 0.1504899561405182, 0.14030282199382782, 0.25852566957473755, 0.1953686624765396, 0.16414758563041687, 0.15185314416885376, 0.1727188676595688, 0.1302160769701004, 0.19101057946681976, 0.15291227400302887, 0.15954461693763733, 0.22642956674098969, 0.21975287795066833, 0.2158614695072174, 0.22316357493400574, 0.22866472601890564, 0.15518829226493835, 0.1703767031431198, 0.2256242334842682, 0.1951468288898468, 0.18682658672332764, 0.28078335523605347, 0.28149503469467163, 0.2099287062883377, 0.19743862748146057, 0.19420260190963745, 0.17766940593719482, 0.2268339842557907, 0.17555642127990723, 0.17185799777507782, 0.1989825963973999, 0.22572454810142517, 0.17798453569412231, 0.21658913791179657, 0.23217469453811646, 0.28484201431274414, 0.18084552884101868, 0.23234641551971436, 0.18294546008110046, 0.316034197807312, 0.29957547783851624, 0.40917059779167175, 0.26047685742378235, 0.3158218264579773, 0.3661735951900482, 0.4463873505592346, 0.3508981764316559, 0.32432109117507935, 0.505769670009613, 0.4277898669242859, 0.2780968248844147, 0.22899848222732544, 0.2326745241880417, 0.2938217222690582, 0.2625420093536377, 0.20134079456329346, 0.24189400672912598, 0.23244446516036987, 0.17698334157466888, 0.18682722747325897, 0.2523953914642334, 0.36395132541656494, 0.36814549565315247, 0.21324558556079865, 0.2715007960796356, 0.2655612826347351, 0.25882697105407715, 0.3112066984176636, 0.36436599493026733, 0.3565126657485962, 0.26988425850868225, 0.25550442934036255, 0.20227228105068207, 0.27384719252586365, 0.21741601824760437, 0.27038171887397766, 0.27351176738739014, 0.35592353343963623, 0.21414999663829803, 0.26140981912612915, 0.40651974081993103, 0.18641704320907593, 0.22058165073394775, 0.21179699897766113, 0.21972396969795227, 0.28896161913871765, 0.316108763217926, 0.17527565360069275, 0.2993360161781311, 0.2893494963645935, 0.25288671255111694, 0.41539448499679565, 0.31103330850601196, 0.26187387108802795, 0.3914363384246826, 0.3106289803981781, 0.2501657009124756, 0.21576550602912903, 0.2041085958480835, 0.37939468026161194, 0.32096418738365173, 0.24043011665344238, 0.3741645812988281, 0.24038514494895935, 0.26182448863983154, 0.21635565161705017, 0.261197566986084, 0.22908157110214233, 0.27408385276794434, 0.26971501111984253, 0.3030293583869934, 0.2645834982395172, 0.4030853509902954, 0.18635191023349762, 0.25278240442276, 0.5316274762153625, 0.3183850646018982, 0.7897204160690308, 0.3174981474876404, 0.2199733853340149, 0.5834071040153503, 0.22669483721256256, 0.16153821349143982, 0.25720179080963135, 0.19879648089408875, 0.33054476976394653, 0.5044809579849243, 0.5039730072021484, 0.1670386642217636, 0.1888902187347412, 0.1591331660747528, 0.19818571209907532, 0.15128874778747559, 0.21002209186553955, 0.3217470049858093, 0.3364655077457428, 0.2970553934574127, 0.24371173977851868, 0.16284477710723877, 0.3719613552093506, 0.29275694489479065, 0.24543868005275726, 0.15239128470420837, 0.16397619247436523, 0.2044745683670044, 0.24236024916172028, 0.29759681224823, 0.22418394684791565, 0.16687338054180145, 0.1567281186580658, 0.44793859124183655, 0.31052184104919434, 0.18910343945026398, 0.2717667818069458, 0.1930277943611145, 0.2514188885688782, 0.23374049365520477, 0.36777329444885254, 0.3501390814781189, 0.3267972767353058, 0.2934269905090332, 0.31610965728759766, 0.2668352425098419, 0.2434583306312561, 0.27591246366500854, 0.19478735327720642, 0.10753309726715088, 0.3112200200557709, 0.1469256579875946, 0.1683439314365387, 0.28477245569229126, 0.2036721259355545, 0.22210809588432312, 0.30936697125434875, 0.3934483528137207, 0.36075785756111145, 0.475104421377182, 0.44097810983657837, 0.429859459400177, 0.425604909658432, 0.387373149394989, 0.41163840889930725, 0.35644224286079407, 0.3271518349647522, 0.30542948842048645, 0.34342464804649353, 0.3026423156261444, 0.2687818109989166, 0.2794110178947449, 0.252658873796463, 0.22081249952316284, 0.26141121983528137, 0.2088564932346344, 0.22656837105751038, 2.4347424507141113, 6.264570236206055, 0.77881920337677, 1.4700511693954468, 0.8350741863250732, 0.035473521798849106, 0.26561737060546875, 0.2445853054523468, 0.25551098585128784, 0.25833773612976074, 0.4589296281337738, 0.1973354071378708, 0.2854386866092682, 0.6058574318885803, 0.32377833127975464, 0.13007324934005737, 0.11036646366119385, 0.3004683256149292, 0.10562469065189362, 0.24108916521072388, 0.07776238769292831, 0.12912613153457642, 0.11068231612443924, 0.06582840532064438, 0.12492460012435913, 0.12792302668094635, 0.1035226434469223, 0.19752180576324463, 0.11589021980762482, 0.0942859798669815, 0.11954089999198914, 0.16666972637176514, 0.324316143989563, 0.13254335522651672, 0.18436956405639648, 0.12566544115543365, 0.25127899646759033, 0.1387157440185547, 0.15616171061992645, 0.20297983288764954, 0.19018244743347168, 0.3336653709411621, 0.528910756111145, 0.18928061425685883, 0.13339819014072418, 0.5658911466598511, 0.5101664066314697, 0.7998291254043579, 1.092536449432373, 1.1115241050720215, 1.1155736446380615, 1.3492738008499146, 0.9245238900184631, 1.60470712184906, 1.4501539468765259, 1.5290685892105103, 1.3887721300125122, 1.2332148551940918, 0.5880277752876282, 1.1220715045928955, 0.3239767551422119, 0.85746169090271, 0.3269891142845154, 0.6664446592330933, 0.5449333190917969, 0.282614141702652, 0.6005227565765381, 0.4077461361885071, 0.3359006643295288, 0.2357627898454666, 0.27002814412117004, 0.2953874468803406, 0.37330907583236694, 0.29482144117355347, 0.3334641456604004, 0.5603944659233093, 