{"buff_count": 1000, "buff_curr": 773, "frame_number": 2773, "rewards": [-78.0, -44.0, -38.800000000000004, -87.5, -73.0, -22.800000000000004, -76.0, -50.199999999999996, -55.0, -71.0, 27.700000000000003, 36.5, 5.299999999999997, -19.300000000000004, -44.0, -38.0, -145.0, -5.0, -5.700000000000003, -16.5, -11.5, 1.0, -76.0, -63.0, -60.0, 35.5, -7.200000000000003, -10.600000000000001, -21.299999999999997, 58.900000000000006, 27.0, 24.200000000000003, -16.6, -5.0, -56.0, 3.5, -66.0, -1016.0, -6.300000000000004, -26.4, -61.0, -55.0, 52.5, -38.0, -12.799999999999997, -43.0, -35.0, -2.200000000000003, 19.0, -55.0, -39.5, -93.0, -52.0, -71.0, -4.600000000000001, 46.3, -13.0, -4.600000000000001, -33.300000000000004, -40.0, 22.60000000000001, -1.5, -21.0, -14.0, 16.299999999999997, 73.0, -120.0, -91.0, -86.0, -65.0, -48.0, 16.0, -8.0, 23.80000000000001, -16.0, 17.799999999999997, -38.1, 2.5, 27.200000000000003, 14.5, 30.5, 79.9, -65.0, -66.0, 3.0, -23.299999999999997, -14.800000000000004, -30.0, -4.5, -11.0, -16.5, 6.5, -49.0, -1.4000000000000057, -65.0, -13.700000000000003, -23.0, -56.0, 2.700000000000003, -27.0, 49.5, 17.5, 27.5, -49.0, 11.0, -7.799999999999997, -66.0, -114.0, 15.200000000000003, -52.5, -128.0, -8.900000000000006, -1.5, -2.5, 18.900000000000006, 16.5, 41.0, -8.399999999999999, -23.799999999999997, -12.100000000000001, -55.0, -54.0, -37.5, 9.5, -6.700000000000003, -10.600000000000001, -18.0, 35.0, -6.800000000000004, 36.9, 8.899999999999999, -60.0, -68.0, -6.899999999999999, -124.0, -30.4, -50.0, 24.1, -25.5, -7.200000000000003, -37.0, -65.0, 25.5, -23.5, -14.0, -118.0, -307.0, -64.0, -202.8, -13.399999999999999, -364.0, 36.0, -9.500000000000007, 29.200000000000003, -43.0, -23.1, -39.0, -49.0, -10.200000000000003, -10.5, -21.199999999999996, 20.200000000000003, -1.0, 10.5, 11.600000000000001, 19.5, -0.5, -11.200000000000003, -62.0, 0.7999999999999972, -56.0, -38.900000000000006, -128.0, -128.0, -62.0, -44.0, -4.0, 5.700000000000003, 43.3, -10.5, 28.4, 7.799999999999997, -8.100000000000001, -24.200000000000003, -239.0, -19.5, 35.30000000000001, 28.5, -38.0, 23.9, -34.0, -0.6000000000000014, -39.0, -49.0, -11.5, 18.9, -18.5, 16.5, -128.0, -100.0, 21.4, 36.3, -19.5, -1.9000000000000057, 20.5, -11.5, -5.100000000000001, 36.4, 34.4, -40.0, -95.0, -21.799999999999997, -18.5, -2.200000000000003, -4.299999999999997, -73.0, -45.0, -44.0, 44.0, 29.1, -22.5, -15.899999999999999, -7.600000000000001, 9.0, -2.0, -43.0, -11.100000000000001, 19.5, -4.899999999999999, 82.0, 24.1, -10.700000000000003, -54.0, -5.200000000000003, -27.299999999999997, -38.0, -10.5, 27.799999999999997, -46.0, -6.0], "loss_list": [0.4082574248313904, 2.147644519805908, 1.0146548748016357, 1.5446815490722656, 0.6639012694358826, 0.4776003062725067, 0.6265196800231934, 0.4218001961708069, 0.33988839387893677, 0.23573583364486694, 0.37936681509017944, 0.45958220958709717, 0.4760481119155884, 0.5063514709472656, 0.25707635283470154, 0.31976306438446045, 0.4072333574295044, 0.20936337113380432, 0.6046528816223145, 0.5243368148803711, 0.4930311143398285, 0.5311375856399536, 0.4634222686290741, 0.38476985692977905, 0.6020957231521606, 0.24198465049266815, 0.24919754266738892, 0.31115779280662537, 0.396340548992157, 0.21959176659584045, 0.24492093920707703, 0.32578933238983154, 0.49539732933044434, 0.2785509526729584, 0.20740026235580444, 0.21276654303073883, 0.3056565821170807, 0.49847114086151123, 0.19018852710723877, 0.20224568247795105, 0.24940846860408783, 0.44776296615600586, 0.2584856152534485, 0.5504077672958374, 0.21942612528800964, 0.30577975511550903, 0.2707749903202057, 0.5527235269546509, 0.34453776478767395, 0.37766414880752563, 0.5706405639648438, 0.3401477634906769, 0.3936196565628052, 0.3807785212993622, 0.24310380220413208, 0.4392487406730652, 0.5094841718673706, 0.20233087241649628, 0.9728331565856934, 0.4006176292896271, 0.3971724510192871, 0.5325985550880432, 0.2820255756378174, 0.4478665590286255, 0.34209004044532776, 0.5293205976486206, 0.26005426049232483, 0.3408172130584717, 0.4400862157344818, 0.23712387681007385, 0.2976412773132324, 0.44644755125045776, 0.26573967933654785, 0.3735886514186859, 0.5823230743408203, 0.514390230178833, 0.601620078086853, 0.798309862613678, 0.9052706956863403, 0.8303182125091553, 0.8062015771865845, 0.7725708484649658, 0.47976237535476685, 0.830991804599762, 0.5612288117408752, 1.0397512912750244, 0.5559129118919373, 0.7728326916694641, 0.5676634311676025, 0.474281907081604, 1.0402519702911377, 0.5137365460395813, 1.0272033214569092, 0.7173226475715637, 0.5855196714401245, 0.4355648159980774, 0.4571923613548279, 0.47904595732688904, 0.7641162276268005, 0.3962332010269165, 0.5106161832809448, 0.5025045275688171, 0.43713122606277466, 0.5504183769226074, 0.7183628678321838, 0.6404898166656494, 0.47341370582580566, 0.8993404507637024, 0.6943966150283813, 0.39592957496643066, 0.5863375663757324, 0.44361647963523865, 0.9051240086555481, 0.5560370683670044, 0.7631262540817261, 0.38801389932632446, 1.1242235898971558, 0.36985716223716736, 0.37523072957992554, 0.9559409618377686, 0.6636439561843872, 0.42826491594314575, 0.6598591208457947, 0.6410888433456421, 0.6950658559799194, 0.580156683921814, 0.6195047497749329, 0.634242832660675, 0.7315664291381836, 0.49050843715667725, 0.38697099685668945, 0.6758312582969666, 0.4462130665779114, 0.44125470519065857, 0.3211194574832916, 0.8066362142562866, 0.6516643762588501, 0.7201657295227051, 0.5240085124969482, 0.9343000650405884, 1.1609137058258057, 0.331022709608078, 0.5541639924049377, 0.5823105573654175, 0.6007076501846313, 0.5365290641784668, 0.502776026725769, 0.46730542182922363, 0.5208163261413574, 0.5078821778297424, 0.8677672743797302, 0.4763912856578827, 0.5086730718612671, 0.56134033203125, 0.6235536336898804, 0.31154483556747437, 0.36922186613082886, 0.39450615644454956, 0.4108118712902069, 0.7636611461639404, 0.39954984188079834, 0.316397100687027, 0.3792279362678528, 0.43354594707489014, 0.43157386779785156, 0.4335002601146698, 0.3990052342414856, 0.37747326493263245, 0.5664437413215637, 0.3280765414237976, 0.3348763585090637, 0.2471546232700348, 0.34165501594543457, 0.4483358561992645, 0.3677012324333191, 0.4834173917770386, 0.41075289249420166, 0.6173068881034851, 0.30176591873168945, 0.26204612851142883, 0.42207467555999756, 0.28031426668167114, 0.5415085554122925, 0.29829537868499756, 0.31500232219696045, 0.3193320631980896, 0.3179478049278259, 0.38790637254714966, 0.5448881387710571, 0.3214285969734192, 0.31855297088623047, 0.21737492084503174, 0.4013020992279053, 0.3267694413661957, 0.2261517345905304, 0.2606505751609802, 0.35048654675483704, 0.20330411195755005, 0.3782438039779663, 0.4669494032859802, 0.2695467174053192, 0.18877115845680237, 0.25728678703308105, 0.26971933245658875, 0.2017519325017929, 0.2585405707359314, 0.24807250499725342, 0.3555968999862671, 0.15878355503082275, 0.32250577211380005, 0.3910120725631714, 0.32122159004211426, 0.29393523931503296, 0.4375090003013611, 0.45777517557144165, 0.404217004776001, 0.3434639573097229, 0.29777848720550537, 0.29477065801620483, 0.2533831000328064, 0.23226583003997803, 0.3218386471271515, 0.3032112419605255, 0.19308532774448395, 0.2860414385795593, 0.31422653794288635, 0.26157283782958984, 0.35753142833709717, 0.26641905307769775, 0.21591304242610931, 0.3021842837333679, 0.348205029964447, 0.2752249836921692, 0.41292962431907654, 0.20422379672527313, 0.21216687560081482, 0.15317583084106445, 0.2899438738822937, 0.2880662679672241, 0.22483183443546295, 0.27678966522216797, 0.3817101716995239, 0.20515580475330353, 0.4330110549926758, 0.304279088973999, 0.2613797187805176, 0.20386412739753723, 0.350323885679245, 0.2875288426876068, 0.2810831069946289, 0.5163401365280151, 0.2855151891708374, 0.4584924876689911, 0.23209229111671448, 0.26754552125930786, 0.24271337687969208, 0.33152276277542114, 0.23783071339130402, 0.32507675886154175, 0.29347556829452515, 0.44659632444381714, 0.5152190923690796, 0.3998756408691406, 